[{
    "name": "The Boys",
    "imdb": 9.3,
    "date": "2022",
    "sposter": "img/the boys.jpg",
    "bposter": "img/the boys1.jpg",
    "genre": "Action",
    "type": "series",
    "url": "the boys.html",
    "trailer": "john wick.webm",
    "low": "video/theboys.webm",
    "medium": "video/the boys 720ph.mp4",
    "high": "video/the boys 1080ph.mp4"
}, {
    "name": "Money Heist",
    "imdb": 9.9,
    "date": "2020",
    "sposter": "img/money heist.jpg",
    "bposter": "img/money heist1.jpg",
    "genre": "Action",
    "type": "series",
    "url": "money heist.html",
    "trailer": "money heist trailer.mp4",
    "low": "video/money heist 480ph.mp4",
    "medium": "video/money heist 720ph.mp4",
    "high": "video/money heist 1080ph.mp4"
}, {
    "name": "John Wick",
    "imdb": 9.8,
    "date": "2022",
    "sposter": "img/Jhon Wick.jpg",
    "bposter": "img/jhon wick1.webp",
    "genre": "Action",
    "type": "movie",
    "url": "jhon wick.html",
    "trailer": "john wick trailer.mp4",
    "low": "video/Jhon Wick 480ph.mp4",
    "medium": "video/Jhon Wick 720ph.mp4",
    "high": "video/Jhon Wick 1080ph.mp4"
}, {
    "name": "Ant Man",
    "imdb": 8.9,
    "date": "2017",
    "sposter": "img/ant man.jpg",
    "bposter": "img/ant man1.jpg",
    "genre": "Action",
    "type": "movie",
    "url": "ant man.html",
    "trailer": "john wick trailer.mp4",
    "low": "video/ant man 480ph.mp4",
    "medium": "video/ant man 720ph.mp4",
    "high": "video/ant man 1080ph.mp4"
}, {
    "name": "Avengers",
    "imdb": 9.9,
    "date": "2012",
    "sposter": "img/avengers.jpg",
    "bposter": "img/avengers1.jpg",
    "genre": "Action",
    "type": "movie",
    "url": "avengers.html",
    "trailer": "john wick trailer.mp4",
    "low": "video/avengers 480ph.mp4",
    "medium": "video/avengers 720ph.mp4",
    "high": "video/avengers 1080ph.mp4"
}, {
    "name": "Moon Knight",
    "imdb": 7.3,
    "date": "2022",
    "sposter": "img/moon knight.jpg",
    "bposter": "img/moon knight1.webp",
    "genre": "Action",
    "type": "series",
    "url": "moon knight.html",
    "trailer": "john wick trailer.mp4",
    "low": "video/moon knight 480ph.mp4",
    "medium": "video/moon knight 720ph.mp4",
    "high": "video/moon knight 1080ph.mp4"
}, {
    "name": "Kota Factory",
    "imdb": 9.6,
    "date": "2020",
    "sposter": "img/kota factory.jpg",
    "bposter": "img/kota factory1.webp",
    "genre": "Action",
    "type": "series",
    "url": "kota factory.html",
    "trailer": "john wick trailer.mp4",
    "low": "video/kota factory 480ph.mp4",
    "medium": "video/kota factory 720ph.mp4",
    "high": "video/kota factory 1080ph.mp4"
}, {
    "name": "Collage Romance",
    "imdb": 7.9,
    "date": "2021",
    "sposter": "img/collage romance.jpg",
    "bposter": "img/collage romance1.jpg",
    "genre": "Action",
    "type": "series",
    "url": "collage romance.html",
    "trailer": "john wick trailer.mp4",
    "low": "video/collage romance 480ph.mp4",
    "medium": "video/collage romance 720ph.mp4",
    "high": "video/collage romance 1080ph.mp4"
}, {
    "name": "Thor Love Of Thunder",
    "imdb": 8.8,
    "date": "2022",
    "sposter": "img/thor love of thunder.jpg",
    "bposter": "img/thor love of thunder1.avif",
    "genre": "Action",
    "type": "movie",
    "url": "thor love of thunder.html",
    "trailer": "john wick trailer.mp4",
    "low": "video/thor love of thunder 480ph.mp4",
    "medium": "video/thor love of thunder 720ph.mp4",
    "high": "video/thor love of thunder 1080ph.mp4"
}, {
    "name": "Uncharted",
    "imdb": 9.8,
    "date": "2022",
    "sposter": "img/uncharted.webp",
    "bposter": "img/uncharted1.jpg",
    "genre": "Action",
    "type": "movie",
    "url": "uncharted.html",
    "trailer": "john wick trailer.mp4",
    "low": "video/uncharted 480ph.mp4",
    "medium": "video/uncharted 720ph.mp4",
    "high": "video/uncharted 1080ph.mp4"
}, {
    "name": "Eesho",
    "imdb": 8.2,
    "date": "2022",
    "sposter": "img/eesho.jpeg",
    "bposter": "img/eesho1.jpg",
    "genre": "Action",
    "type": "movie",
    "url": "eesho.html",
    "trailer": "john wick trailer.mp4",
    "low": "video/eesho 480ph.mp4",
    "medium": "video/eesho 720ph.mp4",
    "high": "video/eesho 1080ph.mp4"
}, {
    "name": "Top Gun",
    "imdb": 8.0,
    "date": "2022",
    "sposter": "img/topgun.jpg",
    "bposter": "img/topgun1.jpg",
    "genre": "Action",
    "type": "movie",
    "url": "topgun.html",
    "trailer": "john wick trailer.mp4",
    "low": "video/topgun 480ph.mp4",
    "medium": "video/topgun 720ph.mp4",
    "high": "video/topgun 1080ph.mp4"
}, {
    "name": "Jurassic World",
    "imdb": 8.0,
    "date": "2022",
    "sposter": "img/jurassic world.jpg",
    "bposter": "img/jurassic world1.jpg",
    "genre": "Action",
    "type": "movie",
    "url": "jurassic world.html",
    "trailer": "john wick trailer.mp4",
    "low": "video/jurassic world 480ph.mp4",
    "medium": "video/jurassic world 720ph.mp4",
    "high": "video/jurassic world 1080ph.mp4"
}, {
    "name": "Eternals",
    "imdb": 9.0,
    "date": "2022",
    "sposter": "img/eternals.jpg",
    "bposter": "img/eternals1.webp",
    "genre": "Action",
    "type": "movie",
    "url": "eternals.html",
    "trailer": "john wick trailer.mp4",
    "low": "video/eternals 480ph.mp4",
    "medium": "video/eternals 720ph.mp4",
    "high": "video/eternals 1080ph.mp4"
}, {
    "name": "Spider Man",
    "imdb": 9.9,
    "date": "2020",
    "sposter": "img/spiderman.jpg",
    "bposter": "img/spiderman1.jpg",
    "genre": "Action",
    "type": "movie",
    "url": "spiderman.html",
    "trailer": "john wick trailer.mp4",
    "low": "video/spiderman 480ph.mp4",
    "medium": "video/spiderman 720ph.mp4",
    "high": "video/spiderman 1080ph.mp4"
}]